{"p27":{"name":"Business Card","image":"https:\/\/nbdesigner.cmsmart.net\/wp-content\/uploads\/2018\/07\/card.jpg","settings":"https:\/\/nbdesigner.cmsmart.net\/wp-content\/uploads\/nbdesigner\/export\/27\/settings.txt","templates":"https:\/\/nbdesigner.cmsmart.net\/wp-content\/uploads\/nbdesigner\/export\/27\/templates.json"},"p41":{"name":"Poster","image":"https:\/\/nbdesigner.cmsmart.net\/wp-content\/uploads\/2018\/07\/poster-1.jpg","settings":"https:\/\/nbdesigner.cmsmart.net\/wp-content\/uploads\/nbdesigner\/export\/41\/settings.txt"},"p47":{"name":"Banner","image":"https:\/\/nbdesigner.cmsmart.net\/wp-content\/uploads\/2018\/08\/banner.jpg","settings":"https:\/\/nbdesigner.cmsmart.net\/wp-content\/uploads\/nbdesigner\/export\/47\/settings.txt"},"p49":{"name":"Flyer","image":"https:\/\/nbdesigner.cmsmart.net\/wp-content\/uploads\/2018\/08\/flyer.jpg","settings":"https:\/\/nbdesigner.cmsmart.net\/wp-content\/uploads\/nbdesigner\/export\/49\/settings.txt"},"p51":{"name":"Menu","image":"https:\/\/nbdesigner.cmsmart.net\/wp-content\/uploads\/2018\/08\/menu.jpg","settings":"https:\/\/nbdesigner.cmsmart.net\/wp-content\/uploads\/nbdesigner\/export\/51\/settings.txt"},"p53":{"name":"Mug","image":"https:\/\/nbdesigner.cmsmart.net\/wp-content\/uploads\/2018\/08\/mug-2.jpg","settings":"https:\/\/nbdesigner.cmsmart.net\/wp-content\/uploads\/nbdesigner\/export\/53\/settings.txt"},"p56":{"name":"Door Hanger","image":"https:\/\/nbdesigner.cmsmart.net\/wp-content\/uploads\/2018\/08\/hanger.jpg","settings":"https:\/\/nbdesigner.cmsmart.net\/wp-content\/uploads\/nbdesigner\/export\/56\/settings.txt"},"p57":{"name":"Invitation","image":"https:\/\/nbdesigner.cmsmart.net\/wp-content\/uploads\/2018\/08\/invitation-1.jpg","settings":"https:\/\/nbdesigner.cmsmart.net\/wp-content\/uploads\/nbdesigner\/export\/57\/settings.txt"},"p58":{"name":"Phonecase","image":"https:\/\/nbdesigner.cmsmart.net\/wp-content\/uploads\/2018\/08\/phonecsae.jpg","settings":"https:\/\/nbdesigner.cmsmart.net\/wp-content\/uploads\/nbdesigner\/export\/58\/settings.txt"},"p59":{"name":"Cap","image":"https:\/\/nbdesigner.cmsmart.net\/wp-content\/uploads\/2018\/08\/cap.png","settings":"https:\/\/nbdesigner.cmsmart.net\/wp-content\/uploads\/nbdesigner\/export\/59\/settings.txt"},"p60":{"name":"Envelope","image":"https:\/\/nbdesigner.cmsmart.net\/wp-content\/uploads\/2018\/08\/Untitled-1.png","settings":"https:\/\/nbdesigner.cmsmart.net\/wp-content\/uploads\/nbdesigner\/export\/60\/settings.txt"},"p61":{"name":"Label","image":"https:\/\/nbdesigner.cmsmart.net\/wp-content\/uploads\/2018\/08\/label.jpg","settings":"https:\/\/nbdesigner.cmsmart.net\/wp-content\/uploads\/nbdesigner\/export\/61\/settings.txt"},"p62":{"name":"Sticker","image":"https:\/\/nbdesigner.cmsmart.net\/wp-content\/uploads\/2018\/08\/sticker-1.png","settings":"https:\/\/nbdesigner.cmsmart.net\/wp-content\/uploads\/nbdesigner\/export\/62\/settings.txt","print_options":"https:\/\/nbdesigner.cmsmart.net\/wp-content\/uploads\/nbdesigner\/export\/62\/print_options.txt"},"p63":{"name":"Bag","image":"https:\/\/nbdesigner.cmsmart.net\/wp-content\/uploads\/2018\/08\/bag.png","settings":"https:\/\/nbdesigner.cmsmart.net\/wp-content\/uploads\/nbdesigner\/export\/63\/settings.txt"},"p64":{"name":"Pillow","image":"https:\/\/nbdesigner.cmsmart.net\/wp-content\/uploads\/2018\/08\/pillow.png","settings":"https:\/\/nbdesigner.cmsmart.net\/wp-content\/uploads\/nbdesigner\/export\/64\/settings.txt"},"p66":{"name":"Catalog","image":"https:\/\/nbdesigner.cmsmart.net\/wp-content\/uploads\/2018\/08\/catalog.png","settings":"https:\/\/nbdesigner.cmsmart.net\/wp-content\/uploads\/nbdesigner\/export\/66\/settings.txt"},"p67":{"name":"Tag","image":"https:\/\/nbdesigner.cmsmart.net\/wp-content\/uploads\/2018\/08\/tag-1.png","settings":"https:\/\/nbdesigner.cmsmart.net\/wp-content\/uploads\/nbdesigner\/export\/67\/settings.txt"},"p68":{"name":"Badge","image":"https:\/\/nbdesigner.cmsmart.net\/wp-content\/uploads\/2018\/08\/bagde.png","settings":"https:\/\/nbdesigner.cmsmart.net\/wp-content\/uploads\/nbdesigner\/export\/68\/settings.txt"},"p149":{"name":"T-shirt with print option","image":"https:\/\/nbdesigner.cmsmart.net\/wp-content\/uploads\/2018\/08\/tshirt.jpg","settings":"https:\/\/nbdesigner.cmsmart.net\/wp-content\/uploads\/nbdesigner\/export\/149\/settings.txt","print_options":"https:\/\/nbdesigner.cmsmart.net\/wp-content\/uploads\/nbdesigner\/export\/149\/print_options.txt"},"p170":{"name":"Business Card - with print option","image":"https:\/\/nbdesigner.cmsmart.net\/wp-content\/uploads\/2019\/05\/blue4.jpg","settings":"https:\/\/nbdesigner.cmsmart.net\/wp-content\/uploads\/nbdesigner\/export\/170\/settings.txt","print_options":"https:\/\/nbdesigner.cmsmart.net\/wp-content\/uploads\/nbdesigner\/export\/170\/print_options.txt"},"p211":{"name":"Poster - with print option","image":"https:\/\/nbdesigner.cmsmart.net\/wp-content\/uploads\/2018\/07\/poster-1.jpg","settings":"https:\/\/nbdesigner.cmsmart.net\/wp-content\/uploads\/nbdesigner\/export\/211\/settings.txt","print_options":"https:\/\/nbdesigner.cmsmart.net\/wp-content\/uploads\/nbdesigner\/export\/211\/print_options.txt"},"p659":{"name":"Business Cards - Advanced Options","image":"https:\/\/nbdesigner.cmsmart.net\/wp-content\/uploads\/2018\/07\/business_2.jpg","settings":"https:\/\/nbdesigner.cmsmart.net\/wp-content\/uploads\/nbdesigner\/export\/659\/settings.txt","print_options":"https:\/\/nbdesigner.cmsmart.net\/wp-content\/uploads\/nbdesigner\/export\/659\/print_options.txt"},"p1059":{"name":"Business Cards - Advanced Options - Group as Panel","image":"https:\/\/nbdesigner.cmsmart.net\/wp-content\/uploads\/2019\/05\/blue1.jpg","settings":"https:\/\/nbdesigner.cmsmart.net\/wp-content\/uploads\/nbdesigner\/export\/1059\/settings.txt","print_options":"https:\/\/nbdesigner.cmsmart.net\/wp-content\/uploads\/nbdesigner\/export\/1059\/print_options.txt"}}